{"cameraMode":{"drawMode":0,"name":"Shaded","section":"Shading Mode"},"sceneLighting":false,"audioPlay":false,"sceneViewState":{"showFog":true,"showMaterialUpdate":false,"showSkybox":false,"showFlares":true,"showImageEffects":true,"showParticleSystems":true,"showVisualEffectGraphs":true,"m_FxEnabled":true},"in2DMode":false,"pivot":{"x":-0.42807647585868838,"y":1.8715285062789918,"z":0.07383537292480469},"rotation":{"x":-0.019808277487754823,"y":-0.0024022196885198356,"z":0.00004760000956594013,"w":-0.9998014569282532},"size":7.357930660247803,"orthographic":false}