{"cameraMode":{"drawMode":0,"name":"Shaded","section":"Shading Mode"},"sceneLighting":false,"audioPlay":false,"sceneViewState":{"showFog":true,"showMaterialUpdate":false,"showSkybox":false,"showFlares":true,"showImageEffects":true,"showParticleSystems":true,"showVisualEffectGraphs":true,"m_FxEnabled":true},"in2DMode":false,"pivot":{"x":-0.6991270780563355,"y":1.0373427867889405,"z":0.1457042694091797},"rotation":{"x":-0.06925396621227265,"y":-0.002396921394392848,"z":0.0001664031733525917,"w":-0.9975965619087219},"size":7.313321590423584,"orthographic":false}