{"cameraMode":{"drawMode":0,"name":"Shaded","section":"Shading Mode"},"sceneLighting":true,"audioPlay":false,"sceneViewState":{"showFog":true,"showMaterialUpdate":false,"showSkybox":true,"showFlares":true,"showImageEffects":true,"showParticleSystems":true,"showVisualEffectGraphs":true,"m_FxEnabled":true},"in2DMode":false,"pivot":{"x":3.417910575866699,"y":2.5888633728027345,"z":0.08380889892578125},"rotation":{"x":-0.019808277487754823,"y":-0.0024022196885198356,"z":0.00004760000956594013,"w":-0.9998014569282532},"size":5.7946248054504398,"orthographic":false}