{"cameraMode":{"drawMode":0,"name":"Shaded","section":"Shading Mode"},"sceneLighting":true,"audioPlay":false,"sceneViewState":{"showFog":true,"showMaterialUpdate":false,"showSkybox":true,"showFlares":true,"showImageEffects":true,"showParticleSystems":true,"showVisualEffectGraphs":true,"m_FxEnabled":true},"in2DMode":false,"pivot":{"x":1.7665176391601563,"y":1.765407681465149,"z":0.059062957763671878},"rotation":{"x":-0.019808277487754823,"y":-0.0024022196885198356,"z":0.00004760000956594013,"w":-0.9998014569282532},"size":5.7946248054504398,"orthographic":false}